salary_id,minimum_salary,maximum_salary,salary_type,pay_band
1,,,,
2,31217.0,49086.0,YEAR,Doctor - Other
3,77913.0,105042.0,YEAR,Consultant
4,31217.0,49086.0,YEAR,
5,47123.0,47123.0,YEAR,
6,89537.0,89537.0,YEAR,
7,31219.0,49087.0,YEAR,
8,,,,Doctor - Other
9,39060.0,72840.0,YEAR,Specialty Doctor
10,31217.0,49086.0,YEAR,Specialty Registrar
11,41222.0,75002.0,YEAR,
12,37923.0,70718.0,YEAR,
13,29213.0,33034.0,YEAR,Foundation Doctor
14,37191.0,37191.0,YEAR,
15,31217.0,41300.0,YEAR,Doctor - Other
16,47132.0,47132.0,YEAR,Foundation Doctor
17,29213.0,33034.0,YEAR,Doctor - Other
18,52306.0,60983.0,YEAR,8b
19,30302.0,47647.0,YEAR,
20,75881.0,98515.0,YEAR,Consultant
21,31127.0,31127.0,YEAR,
22,31127.0,48086.0,YEAR,
23,110000.0,110000.0,YEAR,
24,77913.0,105042.0,YEAR,
25,5043.0,6724.0,YEAR,Doctor - Other
26,65000.0,70000.0,YEAR,
27,6724.0,6724.0,YEAR,Specialty Registrar
28,13520.0,16900.0,YEAR,
29,100860.0,142885.0,YEAR,
30,47132.0,47132.0,YEAR,Specialty Registrar
31,47132.0,47132.0,YEAR,Doctor - Other
32,1681.0,5043.0,YEAR,Specialty Registrar
33,45507.0,84861.0,YEAR,Doctor - Other
34,105000.0,105000.0,YEAR,
35,,,,Consultant
36,37191.0,37191.0,YEAR,Doctor - Other
37,19331.0,19331.0,YEAR,
38,37191.0,37191.0,YEAR,Specialty Registrar
39,85000.0,85000.0,YEAR,Specialty Doctor
40,45507.0,84861.0,YEAR,Specialty Doctor
41,80075.0,107204.0,YEAR,Consultant
42,31217.0,41300.0,YEAR,Specialty Registrar
43,33222.0,43041.0,YEAR,7
44,31931.0,48123.0,YEAR,Doctor - Other
45,18900.0,18900.0,YEAR,
46,39060.0,72840.0,YEAR,
47,37408.0,49086.0,YEAR,
48,8405.0,8405.0,YEAR,
49,37191.0,47132.0,YEAR,Specialty Registrar
50,37547.0,70018.0,YEAR,
51,96104.0,96104.0,YEAR,
52,39060.0,72840.0,YEAR,Specialty Registrar
53,29213.0,33034.0,YEAR,
54,77913.0,105043.0,YEAR,Consultant
55,31217.0,49086.0,YEAR,Foundation Doctor
56,69068.0,82051.0,YEAR,
57,76001.0,96819.0,YEAR,
58,31217.0,41300.0,YEAR,
59,39060.0,90147.0,YEAR,
60,31127.0,49086.0,YEAR,Doctor - Other
61,31422.0,31422.0,YEAR,
62,76761.0,103490.0,YEAR,
63,9250.0,9250.0,YEAR,Doctor - Other
64,37191.0,47132.0,YEAR,Specialty Doctor
65,35441.0,35441.0,YEAR,
66,85500.0,101736.0,YEAR,
67,79130.0,105042.0,YEAR,Consultant
68,10000.0,10000.0,YEAR,
69,37923.0,70718.0,YEAR,Specialty Doctor
70,31422.0,37191.0,YEAR,Doctor - Other
71,85000.0,85000.0,YEAR,
72,75881.0,98515.0,YEAR,
73,47132.0,47132.0,YEAR,
74,22125.0,22125.0,YEAR,
75,39251.0,73195.0,YEAR,Specialty Doctor
76,200.0,200.0,YEAR,Doctor - Other
77,52422.0,72840.0,YEAR,Specialty Doctor
78,77914.0,105042.0,YEAR,Consultant
79,31422.0,47132.0,YEAR,Foundation Doctor
80,37191.0,37191.0,YEAR,Foundation Doctor
81,9345.0,9345.0,YEAR,8b
82,67240.0,67240.0,YEAR,
83,33127.0,35795.0,YEAR,Specialty Registrar
84,13448.0,13448.0,YEAR,
85,39251.0,73195.0,YEAR,
86,51000.0,51000.0,YEAR,Specialty Doctor
87,37191.0,47132.0,YEAR,
88,125000.0,156000.0,YEAR,
89,36461.0,46208.0,YEAR,Specialty Registrar
90,50430.0,50430.0,YEAR,
91,36461.0,46208.0,YEAR,
92,54764.0,90147.0,YEAR,Doctor - Other
93,,,,Foundation Doctor
94,140000.0,140000.0,YEAR,Doctor - Other
95,31124.0,40675.0,YEAR,
96,73964.0,117670.0,YEAR,
97,9280.0,9280.0,YEAR,Doctor - Other
98,50000.0,50000.0,YEAR,Doctor - Other
99,42000.0,42000.0,YEAR,
100,90000.0,102000.0,YEAR,
101,39353.0,39353.0,YEAR,
102,16419.0,18895.0,YEAR,
103,,,,Specialty Doctor
104,49294.0,49294.0,YEAR,
105,31219.0,49087.0,YEAR,Specialty Registrar
106,150.0,200.0,YEAR,
107,140000.0,140000.0,YEAR,Consultant
108,6724.0,6724.0,YEAR,Doctor - Other
109,39060.0,52422.0,YEAR,Specialty Doctor
110,35795.0,49086.0,YEAR,Specialty Registrar
111,31422.0,37191.0,YEAR,Foundation Doctor
112,15129.0,15129.0,YEAR,
113,31422.0,31422.0,YEAR,Foundation Doctor
114,37191.0,49086.0,YEAR,Doctor - Other
115,64000.0,80000.0,YEAR,
116,40500.0,40500.0,YEAR,7
117,33127.0,49086.0,YEAR,
118,32569.0,49086.0,YEAR,
119,80000.0,85000.0,YEAR,
120,31271.0,37408.0,YEAR,Specialty Doctor
121,5043.0,5043.0,YEAR,
122,48466.0,48466.0,YEAR,
123,30605.0,48123.0,YEAR,Doctor - Other
124,87198.0,87198.0,YEAR,Consultant
125,1681.0,1681.0,YEAR,Consultant
126,42500.0,46000.0,YEAR,
127,87003.0,90147.0,YEAR,
128,70206.0,105042.0,YEAR,8d
129,31124.0,40675.0,YEAR,Doctor - Other
130,34528.0,34528.0,YEAR,
131,76761.0,103490.0,YEAR,Consultant
132,98515.0,98515.0,YEAR,Consultant
133,77913.0,105042.0,YEAR,Doctor - Other
134,77913.0,77913.0,YEAR,Consultant
135,14238.0,14238.0,YEAR,Consultant
136,30605.0,40491.0,YEAR,Doctor - Other
137,37408.0,49086.0,YEAR,Doctor - Other
138,2162.0,47132.0,YEAR,
139,16272.0,16272.0,YEAR,
140,33127.0,58598.0,YEAR,
141,31217.0,35795.0,YEAR,
142,31271.0,49086.0,YEAR,
143,41300.0,49086.0,YEAR,Specialty Registrar
144,57655.0,87003.0,YEAR,Specialty Doctor
145,50500.0,68680.0,YEAR,Doctor - Other
146,31422.0,37191.0,YEAR,
147,80075.0,107204.0,YEAR,
148,48703.0,73720.0,YEAR,
149,23553.0,26493.0,YEAR,Foundation Doctor
150,31124.0,49086.0,YEAR,Specialty Registrar
151,11000.0,11000.0,YEAR,
152,110380.0,110380.0,YEAR,
153,31217.0,39354.0,YEAR,Specialty Registrar
154,14288.0,14288.0,YEAR,
155,36461.0,36461.0,YEAR,Specialty Registrar
156,50500.0,50500.0,YEAR,Doctor - Other
157,37923.0,70708.0,YEAR,Specialty Doctor
158,57000.0,57000.0,YEAR,
159,1299.0,1299.0,YEAR,Doctor - Other
160,31217.0,35795.0,YEAR,Specialty Registrar
161,37923.0,37923.0,YEAR,Specialty Doctor
162,37191.0,47132.0,YEAR,Doctor - Other
163,31127.0,41300.0,YEAR,
164,77913.0,105842.0,YEAR,
165,58787.0,88710.0,YEAR,
166,98515.0,98515.0,YEAR,
167,30911.0,48605.0,YEAR,
168,10500.0,10500.0,YEAR,
169,77913.0,105402.0,YEAR,
170,121.0,121.0,YEAR,
171,323.0,323.0,YEAR,
172,57655.0,87003.0,YEAR,
173,31219.0,41301.0,YEAR,Doctor - Other
174,23553.0,26494.0,YEAR,
175,64712.0,64712.0,YEAR,Doctor - Other
176,13716.0,17146.0,YEAR,
177,87003.0,87003.0,YEAR,
178,250.0,250.0,YEAR,Doctor - Other
179,10000.0,11000.0,YEAR,
180,9000.0,9000.0,YEAR,
181,90000.0,90000.0,YEAR,Consultant
182,39060.0,39060.0,YEAR,Specialty Doctor
183,33000.0,39000.0,YEAR,
184,31217.0,49086.0,YEAR,Specialty Doctor
185,6724.0,6724.0,YEAR,
186,5043.0,5043.0,YEAR,Specialty Registrar
187,9100.0,9400.0,YEAR,
188,30605.0,48123.0,YEAR,
189,12664.0,13979.0,YEAR,
190,38623.0,38623.0,YEAR,
191,15129.0,15129.0,YEAR,2
192,31422.0,37191.0,YEAR,Specialty Registrar
193,16053.0,16053.0,YEAR,
194,8000.0,8000.0,YEAR,
195,33584.0,33584.0,YEAR,
196,31219.0,49087.0,YEAR,Doctor - Other
197,31217.0,41300.0,YEAR,Foundation Doctor
198,47132.0,47132.0,YEAR,Specialty Doctor
199,74393.0,96583.0,YEAR,Consultant
200,32569.0,49086.0,YEAR,Specialty Registrar
201,10500.0,90000.0,YEAR,
202,31219.0,41301.0,YEAR,
203,54764.0,90147.0,YEAR,
204,36461.0,46208.0,YEAR,Doctor - Other
205,27146.0,47132.0,YEAR,Doctor - Other
206,16123.0,20711.0,YEAR,
207,80000.0,110000.0,YEAR,
208,23553.0,33127.0,YEAR,Doctor - Other
209,60704.0,78812.0,YEAR,Consultant
210,39060.0,72840.0,YEAR,Doctor - Other
211,56112.0,73629.0,YEAR,
212,46825.0,73629.0,YEAR,
213,78923.0,105650.0,YEAR,
214,15000.0,15000.0,YEAR,
215,22636.0,25461.0,YEAR,Foundation Doctor
216,1500.0,1500.0,YEAR,
217,40000.0,40000.0,YEAR,Doctor - Other
218,23553.0,33034.0,YEAR,Foundation Doctor
219,117670.0,168100.0,YEAR,
220,887.0,887.0,YEAR,
221,90000.0,100000.0,YEAR,
222,31422.0,31422.0,YEAR,Specialty Registrar
223,76001.0,102465.0,YEAR,Consultant
224,36461.0,36461.0,YEAR,Foundation Doctor
225,46208.0,46208.0,YEAR,Specialty Registrar
226,40000.0,40000.0,YEAR,Specialty Doctor
227,39354.0,49086.0,YEAR,Specialty Registrar
228,840.0,840.0,YEAR,
229,77919.0,105042.0,YEAR,
230,56525.0,110000.0,YEAR,Doctor - Other
231,33127.0,41300.0,YEAR,
232,37923.0,70718.0,YEAR,Specialty Registrar
233,1681.0,1681.0,YEAR,Specialty Doctor
234,132000.0,132000.0,YEAR,
235,29213.0,35795.0,YEAR,Specialty Registrar
236,30605.0,40491.0,YEAR,
237,33127.0,49086.0,YEAR,Doctor - Other
238,33266.0,49908.0,YEAR,
239,13801.0,13801.0,YEAR,
240,,,,Specialty Registrar
241,31216.0,49087.0,YEAR,Specialty Registrar
242,80000.0,80000.0,YEAR,Specialty Doctor
243,1392.0,1392.0,YEAR,
244,39060.0,62593.0,YEAR,Specialty Doctor
245,70000.0,85000.0,YEAR,
246,130000.0,130000.0,YEAR,Consultant
247,8450.0,8450.0,YEAR,
248,70000.0,90000.0,YEAR,Doctor - Other
249,40400.0,40400.0,YEAR,
250,9100.0,9100.0,YEAR,
251,87198.0,87198.0,YEAR,
252,77913.0,77913.0,YEAR,Specialty Registrar
253,75932.0,86942.0,YEAR,
254,47191.0,47191.0,YEAR,Specialty Registrar
255,58835.0,117670.0,YEAR,
256,55439.0,55439.0,YEAR,
257,95000.0,95000.0,YEAR,Doctor - Other
258,48096.0,312175.0,YEAR,Specialty Registrar
259,37923.0,70719.0,YEAR,Specialty Doctor
260,9000.0,95000.0,YEAR,
261,45803.0,45803.0,YEAR,
262,39250.0,73193.0,YEAR,
263,864.0,864.0,YEAR,
264,46227.0,46227.0,YEAR,
265,37191.0,37191.0,YEAR,Specialty Doctor
266,77193.0,105042.0,YEAR,Consultant
267,77513.0,105042.0,YEAR,Consultant
268,49087.0,316219.0,YEAR,Specialty Registrar
269,28050.0,36644.0,YEAR,6
270,85500.0,85500.0,YEAR,Doctor - Other
271,14288.0,15969.0,YEAR,
272,90000.0,120000.0,YEAR,
273,80800.0,80800.0,YEAR,
274,9500.0,9500.0,YEAR,
275,10000.0,80000.0,YEAR,
276,87000.0,87000.0,YEAR,
277,9658.0,9658.0,YEAR,
278,48069.0,74366.0,YEAR,Specialty Registrar
279,54073.0,54073.0,YEAR,Consultant
280,85488.0,85488.0,YEAR,
281,73659.0,79907.0,YEAR,
282,64000.0,85000.0,YEAR,
283,10000.0,10000.0,YEAR,Doctor - Other
284,27146.0,27146.0,YEAR,Foundation Doctor
285,37141.0,37141.0,YEAR,
286,87624.0,132285.0,YEAR,Consultant
287,98857.0,98857.0,YEAR,Doctor - Other
288,37217.0,43722.0,YEAR,
289,37217.0,49086.0,YEAR,Specialty Registrar
290,76000.0,101370.0,YEAR,Doctor - Other
291,87624.0,159455.0,YEAR,Consultant
292,87665.0,105042.0,YEAR,Consultant
293,8700.0,8700.0,YEAR,
294,78296.0,105560.0,YEAR,Consultant
295,29213.0,41300.0,YEAR,Doctor - Other
296,96900.0,96900.0,YEAR,
297,100000.0,100000.0,YEAR,
298,29213.0,35795.0,YEAR,Doctor - Other
299,47191.0,47191.0,YEAR,
300,35000.0,40000.0,YEAR,
301,120000.0,145000.0,YEAR,
302,72000.0,76760.0,YEAR,Consultant
303,31219.0,41301.0,YEAR,Specialty Registrar
304,32000.0,32000.0,YEAR,
305,26963.0,31121.0,YEAR,
306,46208.0,46208.0,YEAR,Doctor - Other
307,81000.0,81000.0,YEAR,
308,145000.0,145000.0,YEAR,
309,75000.0,80000.0,YEAR,
310,78521.0,105042.0,YEAR,Consultant
311,39060.0,59177.0,YEAR,Specialty Doctor
312,77791.0,105042.0,YEAR,
313,1681.0,3362.0,YEAR,Doctor - Other
314,77713.0,105042.0,YEAR,Consultant
315,72000.0,72000.0,YEAR,
316,52000.0,52000.0,YEAR,
317,75359.0,90420.0,YEAR,
318,113030.0,135639.0,YEAR,
319,60280.0,72333.0,YEAR,
320,28730.0,33729.0,YEAR,
321,94203.0,113030.0,YEAR,
322,141288.0,141288.0,YEAR,
323,54764.0,90147.0,YEAR,Specialty Doctor
324,100000.0,130000.0,YEAR,Consultant
325,90000.0,90000.0,YEAR,
326,8000.0,9500.0,YEAR,
327,142885.0,142885.0,YEAR,
328,73330.0,110658.0,YEAR,
329,31127.0,41300.0,YEAR,Doctor - Other
330,32950.0,32950.0,YEAR,
331,40400.0,40400.0,YEAR,Doctor - Other
332,13162.0,13162.0,YEAR,
333,140000.0,140000.0,YEAR,
334,30606.0,48124.0,YEAR,
335,30605.0,48123.0,YEAR,Specialty Registrar
336,64689.0,83855.0,YEAR,Consultant
337,726.0,726.0,YEAR,
338,8160.0,8160.0,YEAR,
339,10000.0,125000.0,YEAR,
340,60000.0,60000.0,YEAR,
341,9500.0,10000.0,YEAR,
342,5000.0,9500.0,YEAR,
343,5000.0,10000.0,YEAR,
344,12000.0,12000.0,YEAR,
345,85000.0,90000.0,YEAR,
346,125000.0,125000.0,YEAR,Doctor - Other
347,95000.0,115000.0,YEAR,Doctor - Other
348,70000.0,90000.0,YEAR,
349,200.0,250.0,YEAR,Specialty Doctor
350,9000.0,10000.0,YEAR,
351,76000.0,102465.0,YEAR,Consultant
352,30805.0,36461.0,YEAR,Consultant
353,77193.0,105042.0,YEAR,
354,85840.0,85840.0,YEAR,
355,9400.0,9400.0,YEAR,
356,109265.0,109265.0,YEAR,
357,9900.0,9900.0,YEAR,
358,75000.0,75000.0,YEAR,
359,49086.0,49086.0,YEAR,Doctor - Other
360,55965.0,105042.0,YEAR,
361,38500.0,38500.0,YEAR,
362,1681.0,1681.0,YEAR,Foundation Doctor
363,31217.0,41300.0,YEAR,Specialty Doctor
364,17787.0,20448.0,YEAR,3
365,30513.0,39878.0,YEAR,
366,47131.0,47131.0,YEAR,Doctor - Other
367,31219.0,49087.0,YEAR,Specialty Doctor
368,126075.0,126075.0,YEAR,
369,106616.0,106616.0,YEAR,
370,82000.0,82000.0,YEAR,
371,95000.0,95000.0,YEAR,
372,30605.0,48123.0,YEAR,Foundation Doctor
373,85000.0,95000.0,YEAR,
374,47132.0,64071.0,YEAR,Specialty Registrar
375,76500.0,81000.0,YEAR,
376,73616.0,73616.0,YEAR,
377,53792.0,53792.0,YEAR,
378,100860.0,100860.0,YEAR,
379,30800.0,30800.0,YEAR,
380,80000.0,80000.0,YEAR,
381,35661.0,35661.0,YEAR,Doctor - Other
382,39866.0,49704.0,YEAR,7
383,121754.0,144448.0,YEAR,
384,31217.0,43247.0,YEAR,
385,21012.0,26896.0,YEAR,
386,11500.0,11500.0,YEAR,
387,15080.0,15080.0,YEAR,
388,37408.0,49086.0,YEAR,Specialty Registrar
389,70000.0,70000.0,YEAR,
390,31217.0,4908600.0,YEAR,
391,49294.0,49294.0,YEAR,Specialty Registrar
392,9455.0,9455.0,YEAR,
393,83000.0,93000.0,YEAR,
394,25215.0,42025.0,YEAR,
395,39060.0,55762.0,YEAR,
396,84375.0,84375.0,YEAR,
397,,,,6
398,37923.0,70718.0,YEAR,Doctor - Other
399,56525.0,88709.0,YEAR,Doctor - Other
400,75645.0,75645.0,YEAR,
401,43247.0,49086.0,YEAR,Specialty Registrar
402,1392.0,1392.0,YEAR,Doctor - Other
403,16865.0,16865.0,YEAR,
404,39353.0,49294.0,YEAR,
405,16810.0,16810.0,YEAR,
406,40792.0,48677.0,YEAR,
407,8750.0,8750.0,YEAR,
408,48987.0,75791.0,YEAR,Specialty Registrar
409,73770.0,84780.0,YEAR,
410,37191.0,47123.0,YEAR,Specialty Registrar
411,84000.0,84000.0,YEAR,Specialty Doctor
412,31219.0,41301.0,YEAR,Foundation Doctor
413,17650.0,17650.0,YEAR,
414,85232.0,105042.0,YEAR,Consultant
415,74000.0,74000.0,YEAR,
416,57655.0,87033.0,YEAR,
417,27146.0,27146.0,YEAR,
418,23553.0,33034.0,YEAR,
419,121000.0,121000.0,YEAR,
420,40337.0,40337.0,YEAR,
421,78166.0,125200.0,YEAR,
422,84772.0,84772.0,YEAR,
423,81544.0,81544.0,YEAR,
424,103616.0,103616.0,YEAR,
425,27146.0,31422.0,YEAR,Foundation Doctor
426,32825.0,35401.0,YEAR,
427,141288.0,145692.0,YEAR,
428,85298.0,85298.0,YEAR,
429,112.0,115.0,YEAR,
430,84772.0,87412.0,YEAR,
431,103616.0,106844.0,YEAR,
432,35000.0,37500.0,YEAR,
433,22753.0,42430.0,YEAR,Specialty Doctor
434,40495.0,40495.0,YEAR,
435,10100.0,40400.0,YEAR,Doctor - Other
436,51000.0,51000.0,YEAR,
437,82792.0,82792.0,YEAR,
438,70929.0,70929.0,YEAR,
439,36000.0,36000.0,YEAR,
440,28000.0,32000.0,YEAR,Doctor - Other
441,30605.0,40491.0,YEAR,Specialty Registrar
442,37176.0,69424.0,YEAR,Specialty Doctor
443,39060.0,47132.0,YEAR,
444,17000.0,17000.0,YEAR,2
445,35795.0,49086.0,YEAR,
446,34782.0,43772.0,YEAR,
447,30302.0,40090.0,YEAR,
448,77913.0,105042.0,YEAR,Specialty Registrar
449,70000.0,75000.0,YEAR,
450,1681.0,1681.0,YEAR,
451,86000.0,120000.0,YEAR,
452,77913.0,103490.0,YEAR,Consultant
453,90000.0,130000.0,YEAR,Consultant
454,47133.0,47133.0,YEAR,Doctor - Other
455,9000.0,9250.0,YEAR,
456,37570.0,44606.0,YEAR,
457,85955.0,85955.0,YEAR,
458,31127.0,49086.0,YEAR,
459,31219.0,41301.0,YEAR,Specialty Doctor
460,77913.0,102042.0,YEAR,Consultant
461,37570.0,43772.0,YEAR,
462,5043.0,5043.0,YEAR,Doctor - Other
463,21853.0,30258.0,YEAR,
464,77913.0,105490.0,YEAR,Consultant
465,14069.0,15750.0,YEAR,
466,48370.0,48370.0,YEAR,
467,1179.0,1179.0,YEAR,Specialty Doctor
468,77915.0,105042.0,YEAR,Consultant
469,8670.0,8670.0,YEAR,
470,79913.0,105042.0,YEAR,Consultant
471,32478.0,48123.0,YEAR,
472,24214.0,30112.0,YEAR,5
473,44606.0,52306.0,YEAR,8a
474,31217.0,70718.0,YEAR,Doctor - Other
475,8000.0,9000.0,YEAR,
476,27922.0,27922.0,YEAR,
477,46288.0,46288.0,YEAR,Doctor - Other
478,31000.0,31000.0,YEAR,
479,120000.0,120000.0,YEAR,
480,31244.0,37191.0,YEAR,Foundation Doctor
481,21089.0,23761.0,YEAR,4
482,250.0,250.0,YEAR,
483,44606.0,48324.0,YEAR,8a
484,29213.0,41300.0,YEAR,Foundation Doctor
485,54000.0,54000.0,YEAR,
486,30401.0,37267.0,YEAR,6
487,31127.0,49086.0,YEAR,Specialty Registrar
488,9500.0,10500.0,YEAR,
489,135000.0,135000.0,YEAR,9
490,37570.0,43772.0,YEAR,7
491,50132.0,58089.0,YEAR,
492,40500.0,40500.0,YEAR,
493,25553.0,41300.0,YEAR,
494,9750.0,9750.0,YEAR,
495,36310.0,41310.0,YEAR,
496,4000.0,4000.0,YEAR,Consultant
497,27655.0,87003.0,YEAR,Doctor - Other
498,16810.0,25215.0,YEAR,
499,400.0,400.0,YEAR,
500,37923.0,70719.0,YEAR,
501,29213.0,29213.0,YEAR,Foundation Doctor
502,29214.0,33035.0,YEAR,
503,84725.0,106479.0,YEAR,Doctor - Other
504,37547.0,70018.0,YEAR,Specialty Doctor
505,69829.0,78596.0,YEAR,
506,40000.0,40000.0,YEAR,
507,72000.0,100000.0,YEAR,
508,36461.0,36461.0,YEAR,
509,57655.0,87003.0,YEAR,Doctor - Other
510,37923.0,37923.0,YEAR,
511,47123.0,47123.0,YEAR,Doctor - Other
512,77761.0,105420.0,YEAR,Consultant
513,27146.0,72840.0,YEAR,Doctor - Other
514,42025.0,58835.0,YEAR,
515,31124.0,49086.0,YEAR,
516,15000.0,35000.0,YEAR,Doctor - Other
517,45000.0,45000.0,YEAR,
518,37570.0,37570.0,YEAR,
519,97465.0,97465.0,YEAR,
520,31217.0,49026.0,YEAR,
521,41300.0,49086.0,YEAR,
522,45000.0,45000.0,YEAR,Doctor - Other
523,31931.0,48123.0,YEAR,
524,80000.0,100000.0,YEAR,
525,9700.0,9700.0,YEAR,
526,52422.0,69424.0,YEAR,
527,30606.0,40491.0,YEAR,
528,30000.0,30000.0,YEAR,Doctor - Other
529,21786.0,23028.0,YEAR,2
530,35000.0,35000.0,YEAR,Doctor - Other
531,31217.0,33127.0,YEAR,Doctor - Other
532,77913.0,105082.0,YEAR,Consultant
533,31217.0,33127.0,YEAR,Specialty Registrar
534,31217.0,413000.0,YEAR,
535,87665.0,105042.0,YEAR,
536,23553.0,41301.0,YEAR,Doctor - Other
537,29636.0,32878.0,YEAR,
538,39060.0,49069.0,YEAR,
539,73616.0,121625.0,YEAR,
540,151290.0,151290.0,YEAR,Doctor - Other
541,30401.0,43772.0,YEAR,6
542,28000.0,28000.0,YEAR,
543,34000.0,48000.0,YEAR,
544,14355.0,14355.0,YEAR,
545,38857.0,57218.0,YEAR,Doctor - Other
546,16322.0,16322.0,YEAR,2
547,29213.0,41300.0,YEAR,
548,39060.0,55762.0,YEAR,Doctor - Other
549,77913.0,77913.0,YEAR,
550,39608.0,72840.0,YEAR,
551,3362.0,3362.0,YEAR,Foundation Doctor
552,31127.0,41300.0,YEAR,Specialty Registrar
553,44606.0,50819.0,YEAR,8a
554,17652.0,19020.0,YEAR,2
555,77913.0,105042.0,YEAR,Specialty Doctor
556,9882.0,9882.0,YEAR,
557,35000.0,48000.0,YEAR,Specialty Doctor
558,85488.0,85488.0,YEAR,Consultant
559,73936.0,86687.0,YEAR,8d
560,71157.0,71157.0,YEAR,Doctor - Other
561,33127.0,49086.0,YEAR,Specialty Registrar
562,37935.0,48075.0,YEAR,Specialty Registrar
563,165.0,165.0,YEAR,
564,1263.0,1263.0,YEAR,Doctor - Other
565,31217.0,37408.0,YEAR,Specialty Registrar
566,9363.0,9363.0,YEAR,
567,47192.0,47192.0,YEAR,Specialty Registrar
568,16331.0,16331.0,YEAR,
569,77000.0,105000.0,YEAR,
570,18813.0,20795.0,YEAR,3
571,73936.0,105042.0,YEAR,8d
572,18491.0,18491.0,YEAR,
573,48987.0,75791.0,YEAR,Doctor - Other
574,145000.0,145000.0,YEAR,Consultant
575,33864.0,33864.0,YEAR,
576,640.0,640.0,YEAR,
577,17652.0,19020.0,YEAR,
578,93750.0,93750.0,YEAR,
579,1100.0,1100.0,YEAR,
580,1263.0,1263.0,YEAR,Specialty Doctor
581,2500.0,2500.0,YEAR,
582,103.0,76761.0,YEAR,
583,32569.0,49086.0,YEAR,Doctor - Other
584,37176.0,69325.0,YEAR,Specialty Doctor
585,106480.0,106480.0,YEAR,
586,102811.0,102811.0,YEAR,Doctor - Other
587,37923.0,70018.0,YEAR,Specialty Doctor
588,60454.0,60454.0,YEAR,
589,10700.0,10700.0,YEAR,
590,139707.0,139707.0,YEAR,
591,35795.0,49086.0,YEAR,Doctor - Other
592,40000.0,50000.0,YEAR,
593,1392.0,1392.0,YEAR,Specialty Registrar
594,37217.0,49086.0,YEAR,Doctor - Other
595,23553.0,41300.0,YEAR,Doctor - Other
596,31217.0,35795.0,YEAR,Doctor - Other
597,98583.0,98583.0,YEAR,
598,6724.0,6724.0,YEAR,Consultant
599,77326.0,77326.0,YEAR,Specialty Doctor
600,200.0,200.0,YEAR,
601,46872.0,87408.0,YEAR,Specialty Doctor
602,24933.0,24933.0,YEAR,
603,31124.0,41300.0,YEAR,Doctor - Other
604,23553.0,26493.0,YEAR,
605,37923.0,87521.0,YEAR,Doctor - Other
606,30605.0,41300.0,YEAR,Specialty Registrar
607,31422.0,31422.0,YEAR,Doctor - Other
608,45193.0,49086.0,YEAR,Specialty Registrar
609,44888.0,74162.0,YEAR,
610,9282.0,9282.0,YEAR,
611,16430.0,18359.0,YEAR,
612,150000.0,150000.0,YEAR,
613,10200.0,10200.0,YEAR,
614,9187.0,9187.0,YEAR,
615,73772.0,84781.0,YEAR,
616,69068.0,82051.0,YEAR,Doctor - Other
617,73854.0,73854.0,YEAR,
618,37923.0,37923.0,YEAR,Doctor - Other
619,39429.0,43323.0,YEAR,
620,73936.0,103860.0,YEAR,8d
621,75861.0,98515.0,YEAR,Consultant
622,,,,4
623,5000.0,5000.0,YEAR,
624,7500.0,7500.0,YEAR,
625,12500.0,12500.0,YEAR,
626,72000.0,100000.0,YEAR,Doctor - Other
627,47132.0,49086.0,YEAR,Doctor - Other
628,1263.0,1263.0,YEAR,
629,27146.0,37191.0,YEAR,Doctor - Other
630,87412.0,87412.0,YEAR,
631,36093.0,44941.0,YEAR,
632,115.0,138.0,YEAR,
633,100000.0,125000.0,YEAR,
634,27146.0,27146.0,YEAR,Doctor - Other
635,105903.0,105903.0,YEAR,
636,29359.0,40878.0,YEAR,
637,18000.0,18000.0,YEAR,
638,85955.0,89537.0,YEAR,
639,1681.0,1681.0,YEAR,Doctor - Other
640,149.0,37191.0,YEAR,Specialty Registrar
641,28640.0,46215.0,YEAR,
642,85995.0,89537.0,YEAR,
643,17314.0,17314.0,YEAR,
644,119351.0,119351.0,YEAR,
645,45798.0,45798.0,YEAR,Doctor - Other
646,77913.0,105420.0,YEAR,
647,78923.0,105652.0,YEAR,Consultant
648,23553.0,26493.0,YEAR,Doctor - Other
649,75881.0,75881.0,YEAR,Doctor - Other
650,35093.0,48123.0,YEAR,Specialty Registrar
651,35795.0,35795.0,YEAR,Doctor - Other
652,30605.0,48123.0,YEAR,Specialty Doctor
653,80075.0,1072014.0,YEAR,
654,31217.0,39354.0,YEAR,Doctor - Other
655,24307.0,29365.0,YEAR,
656,285.0,285.0,YEAR,
657,75750.0,90900.0,YEAR,
658,159695.0,159695.0,YEAR,
659,27146.0,47132.0,YEAR,
660,27025.0,39609.0,YEAR,
661,840.0,840.0,YEAR,Consultant
662,50000.0,50000.0,YEAR,
663,73936.0,105042.0,YEAR,
664,150000.0,150000.0,YEAR,Consultant
665,,,,9
666,,,,3
667,9000.0,11000.0,YEAR,Doctor - Other
668,9000.0,10000.0,YEAR,Doctor - Other
669,291.0,291.0,YEAR,Doctor - Other
670,85000.0,85000.0,YEAR,Specialty Registrar
671,33127.0,58593.0,YEAR,
672,27146.0,37191.0,YEAR,
673,31422.0,47132.0,YEAR,
674,92518.0,92518.0,YEAR,
675,58787.0,88710.0,YEAR,Doctor - Other
676,31217.0,33127.0,YEAR,
677,261.0,261.0,YEAR,
678,40000.0,42000.0,YEAR,Doctor - Other
679,56525.0,85298.0,YEAR,Doctor - Other
680,35000.0,48000.0,YEAR,Specialty Registrar
681,51383.0,57596.0,YEAR,8a
682,4000.0,64865.0,YEAR,Doctor - Other
683,82369.0,82369.0,YEAR,
684,70000.0,70000.0,YEAR,Specialty Doctor
685,32000.0,42000.0,YEAR,
686,90000.0,90000.0,YEAR,Specialty Doctor
687,23023.0,29608.0,YEAR,Foundation Doctor
688,38681.0,48593.0,YEAR,
689,20000.0,20000.0,YEAR,
690,87198.0,87198.0,YEAR,Doctor - Other
691,30302.0,47647.0,YEAR,Doctor - Other
692,34956.0,34956.0,YEAR,Doctor - Other
693,15297.0,15297.0,YEAR,3
694,149.0,31422.0,YEAR,Foundation Doctor
695,37547.0,70018.0,YEAR,Doctor - Other
696,30302.0,40090.0,YEAR,Doctor - Other
697,29213.0,333034.0,YEAR,
698,27146.0,47132.0,YEAR,Specialty Registrar
699,77913.0,105042.0,YEAR,9
700,100000.0,100000.0,YEAR,Consultant
701,150000.0,150000.0,YEAR,Specialty Doctor
702,77913.0,105402.0,YEAR,Consultant
703,115000.0,115000.0,YEAR,Doctor - Other
704,77931.0,105042.0,YEAR,Consultant
705,,,,8b
706,47312.0,47312.0,YEAR,
707,37171.0,37171.0,YEAR,Foundation Doctor
708,33217.0,49086.0,YEAR,
709,36060.0,72840.0,YEAR,
710,3362.0,3362.0,YEAR,Doctor - Other
711,77913.0,105952.0,YEAR,Consultant
712,9550.0,9550.0,YEAR,
713,64290.0,64290.0,YEAR,
714,40000.0,40000.0,YEAR,Specialty Registrar
715,122713.0,122713.0,YEAR,Doctor - Other
716,4908.0,31217.0,YEAR,Doctor - Other
717,77913.0,105045.0,YEAR,Consultant
718,23690.0,27648.0,YEAR,
719,32156.0,47647.0,YEAR,Doctor - Other
720,16950.0,16950.0,YEAR,
721,54764.0,87003.0,YEAR,
722,30605.0,32478.0,YEAR,Specialty Registrar
723,29308.0,49294.0,YEAR,
724,16288.0,16288.0,YEAR,
725,47132.0,60669.0,YEAR,Specialty Registrar
726,99086.0,99086.0,YEAR,
727,15095.0,15095.0,YEAR,
728,63037.0,63037.0,YEAR,
729,3000.0,3500.0,YEAR,
730,90900.0,113625.0,YEAR,
731,89789.0,89789.0,YEAR,
732,73195.0,392512.0,YEAR,Specialty Doctor
733,1299.0,1299.0,YEAR,
734,39060.0,49060.0,YEAR,Specialty Doctor
735,5043.0,6724.0,YEAR,
736,37913.0,37913.0,YEAR,Doctor - Other
737,150.0,150.0,YEAR,
738,13279.0,15414.0,YEAR,
739,46250.0,46250.0,YEAR,
740,31931.0,48123.0,YEAR,Specialty Registrar
741,57924.0,57924.0,YEAR,
742,9000.0,11000.0,YEAR,
743,40377.0,40377.0,YEAR,Doctor - Other
744,90000.0,90000.0,YEAR,Doctor - Other
745,48987.0,51852.0,YEAR,Specialty Registrar
746,38060.0,72840.0,YEAR,Specialty Doctor
747,90000.0,105000.0,YEAR,
748,1263.0,1263.0,YEAR,Specialty Registrar
749,5111.0,6514.0,YEAR,Doctor - Other
750,29000.0,35000.0,YEAR,
751,39393.0,49294.0,YEAR,Doctor - Other
752,49000.0,59000.0,YEAR,
753,77913.0,105142.0,YEAR,
754,35765.0,49086.0,YEAR,
755,24000.0,24000.0,YEAR,
756,44888.0,74162.0,YEAR,Specialty Doctor
757,33199.0,39609.0,YEAR,
758,31213.0,49086.0,YEAR,
759,43247.0,49086.0,YEAR,
760,44888.0,8195110.0,YEAR,Specialty Doctor
761,10504.0,77913.0,YEAR,Consultant
762,31217.0,49088.0,YEAR,Specialty Registrar
763,79860.0,107668.0,YEAR,
764,74610.0,74610.0,YEAR,
765,75249.0,75249.0,YEAR,
766,56525.0,85298.0,YEAR,
767,32478.0,48123.0,YEAR,Specialty Registrar
768,37154.0,44019.0,YEAR,
769,33217.0,41300.0,YEAR,
770,31124.0,40675.0,YEAR,Foundation Doctor
771,8599.0,8599.0,YEAR,
772,20020.0,20020.0,YEAR,Doctor - Other
773,76761.0,104490.0,YEAR,Consultant
774,77000.0,106000.0,YEAR,Consultant
775,31124.0,49086.0,YEAR,Doctor - Other
776,47450.0,59300.0,YEAR,
777,35289.0,35289.0,YEAR,
778,39060.0,72840.0,YEAR,Consultant
779,39060.0,59177.0,YEAR,
780,159650.0,168920.0,YEAR,
781,3000.0,37191.0,YEAR,
782,87624.0,159455.0,YEAR,
783,82727.0,105893.0,YEAR,Doctor - Other
784,,,,7
785,30605.0,39878.0,YEAR,Doctor - Other
786,27146.0,31422.0,YEAR,
787,18000.0,18000.0,YEAR,Doctor - Other
788,91498.0,91498.0,YEAR,
789,115000.0,115000.0,YEAR,
790,1681.0,5043.0,YEAR,Doctor - Other
791,72000.0,80000.0,YEAR,
792,19000.0,19000.0,YEAR,Doctor - Other
793,34061.0,34061.0,YEAR,
794,35000.0,48000.0,YEAR,
795,31931.0,48123.0,YEAR,Specialty Doctor
796,36461.0,36461.0,YEAR,Doctor - Other
797,7284.0,39060.0,YEAR,Specialty Doctor
798,57665.0,87003.0,YEAR,
799,16810.0,16810.0,YEAR,Consultant
800,44606.0,50819.0,YEAR,
801,30302.0,47132.0,YEAR,Specialty Registrar
802,72000.0,76500.0,YEAR,
803,75645.0,87412.0,YEAR,
804,92455.0,106844.0,YEAR,
805,120.0,138.0,YEAR,
806,33000.0,33000.0,YEAR,Consultant
807,5000.0,35000.0,YEAR,Doctor - Other
808,25215.0,25215.0,YEAR,
809,35000.0,50000.0,YEAR,
810,9477.0,9477.0,YEAR,
811,12456.0,12456.0,YEAR,
812,36481.0,44044.0,YEAR,6
813,41300.0,49086.0,YEAR,Specialty Doctor
814,30605.0,35093.0,YEAR,Doctor - Other
815,58620.0,58620.0,YEAR,
816,19886.0,19886.0,YEAR,
817,54073.0,54073.0,YEAR,8b
818,36290.0,57600.0,YEAR,
819,31217.0,49806.0,YEAR,
820,36290.0,109200.0,YEAR,
821,36675.0,48123.0,YEAR,Specialty Registrar
822,84000.0,84000.0,YEAR,Doctor - Other
823,168083.0,168083.0,YEAR,Consultant
824,54764.0,105042.0,YEAR,Consultant
825,125000.0,125000.0,YEAR,
826,34401.0,34401.0,YEAR,
827,15347.0,15347.0,YEAR,
828,15549.0,15549.0,YEAR,
829,38205.0,38205.0,YEAR,
830,18675.0,18675.0,YEAR,
831,29880.0,29880.0,YEAR,
832,134480.0,134480.0,YEAR,
833,31217.0,41300.0,YEAR,Consultant
834,14238.0,17482.0,YEAR,
835,16810.0,18491.0,YEAR,
836,39060.0,39060.0,YEAR,
837,37408.0,49068.0,YEAR,Specialty Doctor
838,1681.0,8405.0,YEAR,Doctor - Other
839,21000.0,21000.0,YEAR,Consultant
840,121032.0,121032.0,YEAR,Consultant
841,27939.0,34628.0,YEAR,4
842,171700.0,171700.0,YEAR,
843,68000.0,68000.0,YEAR,
844,32569.0,49086.0,YEAR,Specialty Doctor
845,77193.0,104042.0,YEAR,
846,36461.0,46208.0,YEAR,Specialty Doctor
847,47132.0,105042.0,YEAR,Doctor - Other
848,30606.0,48124.0,YEAR,Specialty Registrar
849,26614.0,46208.0,YEAR,Doctor - Other
850,12000.0,9000000.0,YEAR,
851,77913.0,87665.0,YEAR,
852,51735.0,51735.0,YEAR,Doctor - Other
853,42313.0,48515.0,YEAR,7
854,30805.0,30805.0,YEAR,
855,27146.0,37191.0,YEAR,Specialty Registrar
856,54000.0,88000.0,YEAR,Doctor - Other
857,300.0,300.0,YEAR,
858,77913.0,102450.0,YEAR,Consultant
859,105148.0,158742.0,YEAR,
860,48987.0,75791.0,YEAR,
861,31217.0,49068.0,YEAR,
862,18037.0,19246.0,YEAR,
863,30805.0,30805.0,YEAR,Foundation Doctor
864,15400.0,18515.0,YEAR,3
865,77917.0,105042.0,YEAR,Consultant
866,42500.0,42500.0,YEAR,Doctor - Other
867,30258.0,30258.0,YEAR,Specialty Doctor
868,35795.0,35795.0,YEAR,Specialty Registrar
869,16759.0,16759.0,YEAR,3
870,61038.0,61038.0,YEAR,Consultant
871,34746.0,34746.0,YEAR,
872,18813.0,19852.0,YEAR,3
873,31217.0,48123.0,YEAR,Doctor - Other
874,32605.0,48123.0,YEAR,
875,32525.0,32525.0,YEAR,6
876,29213.0,33034.0,YEAR,Specialty Registrar
877,7761.0,105042.0,YEAR,Consultant
878,1074.0,1074.0,YEAR,
879,80820.0,80820.0,YEAR,
880,59828.0,73539.0,YEAR,
881,52422.0,55762.0,YEAR,
882,15919.0,16810.0,YEAR,
883,93459.0,93459.0,YEAR,
884,13448.0,15129.0,YEAR,8d
885,22000.0,23000.0,YEAR,
886,17650.0,18491.0,YEAR,
887,81000.0,101736.0,YEAR,
888,31217.0,70718.0,YEAR,Specialty Registrar
889,22704.0,22704.0,YEAR,
890,90900.0,90900.0,YEAR,
891,73936.0,103860.0,YEAR,
892,48987.0,51852.0,YEAR,Doctor - Other
893,77913.0,77913.0,YEAR,Doctor - Other
894,32217.0,49086.0,YEAR,Specialty Doctor
895,31217.0,49068.0,YEAR,Doctor - Other
896,23091.0,25973.0,YEAR,Foundation Doctor
897,4000.0,61913.0,YEAR,Doctor - Other
898,79860.0,107668.0,YEAR,Consultant
899,30002.0,47175.0,YEAR,Specialty Registrar
900,8405.0,8405.0,YEAR,Doctor - Other
901,15129.0,16810.0,YEAR,
902,115.0,115.0,YEAR,
903,77913.0,104052.0,YEAR,Consultant
904,26400.0,26400.0,YEAR,
905,89165.0,89165.0,YEAR,Doctor - Other
906,1681.0,3362.0,YEAR,
907,64000.0,64000.0,YEAR,
908,62593.0,62593.0,YEAR,Specialty Doctor
909,37935.0,48075.0,YEAR,Specialty Doctor
910,31124.0,40675.0,YEAR,Specialty Registrar
911,41300.0,43247.0,YEAR,Specialty Registrar
912,37190.0,47132.0,YEAR,Specialty Registrar
913,10100.0,40400.0,YEAR,
914,5043.0,11767.0,YEAR,Specialty Registrar
915,31127.0,49086.0,YEAR,Specialty Doctor
916,85120.0,104628.0,YEAR,
917,2000.0,2000.0,YEAR,Doctor - Other
918,79744.0,105042.0,YEAR,Consultant
919,20859.0,20859.0,YEAR,
920,,,,5
921,17316.0,17316.0,YEAR,
922,72999.0,72999.0,YEAR,
923,85995.0,85995.0,YEAR,
924,32569.0,43247.0,YEAR,
925,56000.0,56000.0,YEAR,Doctor - Other
926,77733.0,81494.0,YEAR,Doctor - Other
927,11767.0,11767.0,YEAR,
928,16188.0,16188.0,YEAR,
929,79130.0,105042.0,YEAR,
930,8843.0,8843.0,YEAR,
931,85000.0,94500.0,YEAR,
932,31841.0,50068.0,YEAR,
933,37395.0,48075.0,YEAR,Specialty Doctor
934,76000.0,76000.0,YEAR,
935,29308.0,29308.0,YEAR,
936,77977.0,77977.0,YEAR,Consultant
937,9250.0,9750.0,YEAR,
938,20808.0,22330.0,YEAR,
939,1179.0,1179.0,YEAR,
940,31217.0,72840.0,YEAR,Specialty Registrar
941,89537.0,103860.0,YEAR,
942,84000.0,84000.0,YEAR,
943,31217.0,49068.0,YEAR,Specialty Registrar
944,23553.0,264931.0,YEAR,Foundation Doctor
945,41222.0,75002.0,YEAR,Specialty Doctor
946,2000.0,2000.0,YEAR,
947,29359.0,40878.0,YEAR,Specialty Registrar
948,16965.0,16965.0,YEAR,
949,27146.0,47132.0,YEAR,Specialty Doctor
950,9482.0,9482.0,YEAR,
951,50448.0,52482.0,YEAR,
952,9446.0,9446.0,YEAR,
953,80000.0,85000.0,YEAR,Specialty Doctor
954,52422.0,52422.0,YEAR,Specialty Doctor
955,8405.0,8405.0,YEAR,Consultant
956,37935.0,48075.0,YEAR,Doctor - Other
957,150880.0,150880.0,YEAR,Doctor - Other
958,49570.0,62819.0,YEAR,Specialty Registrar
959,31124.0,40675.0,YEAR,Specialty Doctor
960,39069.0,72840.0,YEAR,
961,81000.0,108000.0,YEAR,
962,34724.0,34724.0,YEAR,
963,43000.0,43000.0,YEAR,
964,31217.0,43247.0,YEAR,Specialty Registrar
965,9700.0,9700.0,YEAR,8b
966,20500.0,20500.0,YEAR,
967,14826.0,14826.0,YEAR,
968,102010.0,132613.0,YEAR,
969,3362.0,3362.0,YEAR,
970,41300.0,49068.0,YEAR,
971,37176.0,69325.0,YEAR,
972,31271.0,35795.0,YEAR,Specialty Registrar
973,42000.0,42000.0,YEAR,Doctor - Other
974,45528.0,59109.0,YEAR,Consultant
975,11913.0,105042.0,YEAR,Consultant
976,31291.0,41301.0,YEAR,
977,77913.0,105042.0,YEAR,8c
978,16750.0,16750.0,YEAR,Doctor - Other
979,135000.0,135000.0,YEAR,
980,77913.0,105000.0,YEAR,Consultant
981,27621.0,43095.0,YEAR,
982,55000.0,60000.0,YEAR,
983,37171.0,37171.0,YEAR,
984,7812.0,14568.0,YEAR,Specialty Doctor
985,,,,8a
986,28076.0,31748.0,YEAR,Foundation Doctor
987,14490.0,15196.0,YEAR,
988,47647.0,47647.0,YEAR,Doctor - Other
989,23553.0,26494.0,YEAR,Doctor - Other
990,35795.0,39354.0,YEAR,Specialty Registrar
991,9050.0,9050.0,YEAR,
992,37132.0,37132.0,YEAR,Specialty Registrar
993,17460.0,17460.0,YEAR,
994,48987.0,51852.0,YEAR,
995,26614.0,26614.0,YEAR,
996,31129.0,47132.0,YEAR,Doctor - Other
997,77916.0,93500.0,YEAR,
998,85000.0,98226.0,YEAR,
999,250.0,350.0,YEAR,
1000,35795.0,39354.0,YEAR,
1001,80000.0,105000.0,YEAR,
1002,37408.0,49086.0,YEAR,Consultant
1003,79913.0,105042.0,YEAR,
1004,55661.0,91960.0,YEAR,
1005,75761.0,103490.0,YEAR,
1006,69758.0,69758.0,YEAR,Consultant
1007,10086.0,37822.0,YEAR,
1008,103.0,76761.0,YEAR,Consultant
1009,77913.0,105046.0,YEAR,
1010,37191.0,47132.0,YEAR,Consultant
1011,17328.0,17328.0,YEAR,
1012,95000.0,110000.0,YEAR,
1013,32478.0,32478.0,YEAR,
1014,89165.0,89165.0,YEAR,
1015,17146.0,17146.0,YEAR,Doctor - Other
1016,31217.0,41400.0,YEAR,Doctor - Other
1017,13448.0,13448.0,YEAR,Consultant
1018,48000.0,48000.0,YEAR,
1019,29546.0,35795.0,YEAR,
1020,39354.0,49086.0,YEAR,
1021,80000.0,80000.0,YEAR,Consultant
1022,17500.0,18000.0,YEAR,2
1023,33127.0,41300.0,YEAR,Doctor - Other
1024,8000.0,10000.0,YEAR,
1025,26614.0,26614.0,YEAR,Foundation Doctor
1026,13448.0,15129.0,YEAR,9
1027,13448.0,15129.0,YEAR,Consultant
1028,77912.0,105042.0,YEAR,Consultant
1029,9180.0,9180.0,YEAR,
1030,33127.0,49060.0,YEAR,
1031,61659.0,73770.0,YEAR,Doctor - Other
1032,1681.0,1681.0,YEAR,Specialty Registrar
1033,10744.0,10744.0,YEAR,Doctor - Other
1034,14338.0,15835.0,YEAR,
1035,21274.0,21274.0,YEAR,
1036,77319.0,105042.0,YEAR,Consultant
1037,9851.0,9851.0,YEAR,
1038,29359.0,40878.0,YEAR,Doctor - Other
1039,14338.0,14338.0,YEAR,
1040,17550.0,19992.0,YEAR,
1041,40000.0,45000.0,YEAR,
1042,36000.0,45000.0,YEAR,
1043,75000.0,75000.0,YEAR,Consultant
1044,31442.0,31442.0,YEAR,Doctor - Other
1045,39215.0,73195.0,YEAR,Specialty Doctor
1046,37191.0,471232.0,YEAR,
1047,30606.0,48124.0,YEAR,Doctor - Other
1048,39251.0,73195.0,YEAR,Specialty Registrar
1049,32569.0,39354.0,YEAR,Doctor - Other
1050,77913.0,105942.0,YEAR,
1051,10506.0,10506.0,YEAR,Consultant
1052,39060.0,72840.0,YEAR,Foundation Doctor
1053,85000.0,125000.0,YEAR,
1054,150880.0,150880.0,YEAR,
1055,44347.0,50549.0,YEAR,7
1056,33379.0,51248.0,YEAR,Specialty Registrar
1057,4040.0,40400.0,YEAR,
1058,30911.0,48605.0,YEAR,Specialty Registrar
1059,32569.0,49086.0,YEAR,6
1060,78452.0,83229.0,YEAR,Doctor - Other
1061,35000.0,48000.0,YEAR,Doctor - Other
1062,68680.0,68680.0,YEAR,
1063,82400.0,82400.0,YEAR,
1064,31217.0,39354.0,YEAR,Consultant
1065,76761.0,105042.0,YEAR,Consultant
1066,31271.0,49086.0,YEAR,Specialty Registrar
1067,55762.0,72840.0,YEAR,
1068,31217.0,413001.0,YEAR,
1069,18491.0,19331.0,YEAR,
1070,37923.0,72840.0,YEAR,
1071,36312.0,47132.0,YEAR,Specialty Registrar
1072,37412.0,47132.0,YEAR,Specialty Registrar
1073,31218.0,50563.0,YEAR,Specialty Registrar
1074,77913.0,105047.0,YEAR,Consultant
1075,66000.0,66000.0,YEAR,
1076,38410.0,41940.0,YEAR,
1077,32157.0,50563.0,YEAR,Specialty Registrar
1078,43300.0,43300.0,YEAR,
1079,31217.0,31217.0,YEAR,
1080,18556.0,18556.0,YEAR,
1081,30000.0,35000.0,YEAR,
1082,77930.0,77930.0,YEAR,
1083,35795.0,45193.0,YEAR,Specialty Registrar
1084,31217.0,39354.0,YEAR,Specialty Doctor
1085,38000.0,38000.0,YEAR,
1086,10500.0,11500.0,YEAR,
1087,49740.0,49740.0,YEAR,
1088,77918.0,105042.0,YEAR,Consultant
1089,31422.0,47132.0,YEAR,Doctor - Other
1090,29213.0,49086.0,YEAR,
1091,9200.0,9200.0,YEAR,
1092,64689.0,83855.0,YEAR,
1093,78923.0,105650.0,YEAR,Consultant
1094,77913.0,80352.0,YEAR,Consultant
1095,31422.0,31422.0,YEAR,Specialty Doctor
1096,67672.0,84293.0,YEAR,
1097,43412.0,43412.0,YEAR,
1098,38956.0,52521.0,YEAR,Consultant
1099,13448.0,13448.0,YEAR,8b
1100,68000.0,72000.0,YEAR,
1101,27408.0,49086.0,YEAR,
1102,30000.0,30000.0,YEAR,
1103,44888.0,81951.0,YEAR,Specialty Doctor
1104,90000.0,110000.0,YEAR,
1105,23951.0,23951.0,YEAR,
1106,39060.0,105042.0,YEAR,Doctor - Other
1107,31124.0,41300.0,YEAR,
1108,46208.0,46208.0,YEAR,
1109,17550.0,17550.0,YEAR,
1110,54000.0,88000.0,YEAR,
1111,46746.0,47132.0,YEAR,
1112,10086.0,10086.0,YEAR,6
1113,31217.0,41300.0,YEAR,6
1114,66226.0,89285.0,YEAR,Consultant
1115,31142.0,40675.0,YEAR,Doctor - Other
1116,29213.0,41300.0,YEAR,Specialty Registrar
1117,18915.0,18915.0,YEAR,
1118,16975.0,16975.0,YEAR,
1119,47068.0,50430.0,YEAR,
1120,55661.0,55661.0,YEAR,
1121,76508.0,76508.0,YEAR,Doctor - Other
1122,51442.0,51442.0,YEAR,Specialty Registrar
1123,52422.0,69424.0,YEAR,Specialty Doctor
1124,17800.0,17800.0,YEAR,
1125,23553.0,23553.0,YEAR,Specialty Registrar
1126,32569.0,49086.0,YEAR,Foundation Doctor
1127,39251.0,73195.0,YEAR,Doctor - Other
1128,39351.0,39351.0,YEAR,
1129,31247.0,49086.0,YEAR,
1130,75881.0,95515.0,YEAR,Consultant
1131,74442.0,74442.0,YEAR,
1132,11767.0,11767.0,YEAR,Consultant
1133,37190.0,47132.0,YEAR,Specialty Doctor
1134,32029.0,33799.0,YEAR,
1135,9250.0,9250.0,YEAR,
1136,19171.0,19945.0,YEAR,
1137,38096.0,38096.0,YEAR,
1138,10000.0,45000.0,YEAR,
1139,9000.0,10500.0,YEAR,
1140,77931.0,105042.0,YEAR,
1141,9413.0,9413.0,YEAR,
1142,37410.0,50563.0,YEAR,Specialty Registrar
1143,21328.0,21328.0,YEAR,
1144,31442.0,37191.0,YEAR,Doctor - Other
1145,27600.0,27600.0,YEAR,
1146,9644.0,9644.0,YEAR,
1147,79459.0,84446.0,YEAR,
1148,39402.0,39402.0,YEAR,
1149,60000.0,80000.0,YEAR,
1150,37171.0,37171.0,YEAR,Doctor - Other
1151,220.0,220.0,YEAR,
1152,23553.0,23553.0,YEAR,
1153,47191.0,47191.0,YEAR,Doctor - Other
1154,13000.0,13000.0,YEAR,
1155,31124.0,40765.0,YEAR,Doctor - Other
1156,28640.0,28640.0,YEAR,Foundation Doctor
1157,85232.0,105042.0,YEAR,
1158,3719.0,3719.0,YEAR,Specialty Registrar
1159,20475.0,20475.0,YEAR,
1160,64857.0,72828.0,YEAR,
1161,76800.0,84446.0,YEAR,
1162,21000.0,21000.0,YEAR,
1163,15352.0,20698.0,YEAR,
1164,6724.0,10086.0,YEAR,
1165,2019.0,2019.0,YEAR,
1166,87003.0,87003.0,YEAR,Doctor - Other
1167,37410.0,37410.0,YEAR,
1168,9131.0,9131.0,YEAR,
1169,154652.0,154652.0,YEAR,Doctor - Other
1170,83560.0,83560.0,YEAR,
1171,14725.0,14725.0,YEAR,
1172,39060.0,73840.0,YEAR,Specialty Doctor
1173,16628.0,16628.0,YEAR,Consultant
1174,1681.0,5043.0,YEAR,Consultant
1175,65000.0,85000.0,YEAR,
1176,76761.0,103491.0,YEAR,
1177,21089.0,23671.0,YEAR,
1178,104628.0,104628.0,YEAR,
1179,17129.0,17129.0,YEAR,
1180,10920.0,10920.0,YEAR,
1181,14624.0,14624.0,YEAR,
1182,41300.0,45193.0,YEAR,
1183,18928.0,23668.0,YEAR,
1184,17146.0,17146.0,YEAR,
1185,86000.0,86000.0,YEAR,
1186,39060.0,52422.0,YEAR,
1187,10400.0,10800.0,YEAR,
1188,47139.0,47139.0,YEAR,Specialty Registrar
1189,21012.0,21012.0,YEAR,
1190,1122.0,2048.0,YEAR,Doctor - Other
1191,5476.0,90247.0,YEAR,Doctor - Other
1192,47137.0,47137.0,YEAR,Specialty Registrar
1193,22862.0,27146.0,YEAR,Foundation Doctor
1194,49086.0,49086.0,YEAR,
1195,30605.0,41300.0,YEAR,Doctor - Other
1196,146.0,146.0,YEAR,
1197,77913.0,103902.0,YEAR,Consultant
1198,4869.0,6565.0,YEAR,
1199,8650.0,8650.0,YEAR,
1200,50895.0,70718.0,YEAR,Specialty Doctor
1201,31217.0,49098.0,YEAR,
1202,76913.0,105042.0,YEAR,Consultant
1203,38623.0,38623.0,YEAR,Specialty Registrar
1204,17238.0,17238.0,YEAR,
1205,35249.0,40863.0,YEAR,
1206,27025.0,32236.0,YEAR,
1207,36000.0,54000.0,YEAR,
1208,9800.0,9800.0,YEAR,
1209,153.0,153.0,YEAR,
1210,131000.0,131000.0,YEAR,Consultant
1211,10390.0,76761.0,YEAR,Consultant
1212,9632.0,9632.0,YEAR,
1213,76235.0,79235.0,YEAR,Doctor - Other
1214,33584.0,33584.0,YEAR,Foundation Doctor
1215,9936.0,9936.0,YEAR,
1216,40491.0,48123.0,YEAR,
1217,54584.0,54584.0,YEAR,Specialty Registrar
1218,7500.0,7500.0,YEAR,Doctor - Other
1219,59000.0,59000.0,YEAR,Consultant
1220,29132.0,29132.0,YEAR,
1221,82369.0,82369.0,YEAR,Doctor - Other
1222,96583.0,96583.0,YEAR,
1223,11767.0,11767.0,YEAR,7
1224,44000.0,47000.0,YEAR,
1225,22000.0,26000.0,YEAR,
1226,19500.0,19500.0,YEAR,
1227,32175.0,41827.0,YEAR,
1228,85000.0,85000.0,YEAR,Doctor - Other
1229,22000.0,22000.0,YEAR,
1230,70569.0,70569.0,YEAR,Doctor - Other
1231,46048.0,46048.0,YEAR,
1232,65000.0,85000.0,YEAR,Specialty Doctor
1233,29213.0,29213.0,YEAR,Doctor - Other
1234,21089.0,22707.0,YEAR,
1235,33127.0,35795.0,YEAR,
1236,105042.0,779113.0,YEAR,
1237,88000.0,88000.0,YEAR,
1238,105042.0,7791000.0,YEAR,Consultant
1239,63000.0,84000.0,YEAR,
1240,92500.0,92500.0,YEAR,
1241,43247.0,45193.0,YEAR,
1242,31841.0,42126.0,YEAR,
1243,37935.0,48132.0,YEAR,
1244,48075.0,48075.0,YEAR,
1245,24214.0,28000.0,YEAR,Doctor - Other
1246,86448.0,105042.0,YEAR,Consultant
1247,25553.0,41300.0,YEAR,Doctor - Other
1248,84050.0,84050.0,YEAR,
1249,15129.0,22693.0,YEAR,
1250,59863.0,59863.0,YEAR,Doctor - Other
1251,38570.0,58459.0,YEAR,
1252,28640.0,32386.0,YEAR,
1253,31841.0,50068.0,YEAR,Specialty Registrar
1254,41600.0,49086.0,YEAR,Specialty Registrar
1255,28000.0,28000.0,YEAR,Consultant
1256,31841.0,42126.0,YEAR,Doctor - Other
1257,40037.0,74661.0,YEAR,Specialty Doctor
1258,16675.0,18360.0,YEAR,
1259,48075.0,48075.0,YEAR,Doctor - Other
1260,48075.0,48075.0,YEAR,Specialty Registrar
1261,37935.0,37935.0,YEAR,Specialty Registrar
1262,56133.0,92401.0,YEAR,Specialty Doctor
1263,35795.0,49086.0,YEAR,Specialty Doctor
1264,34000.0,34000.0,YEAR,Specialty Doctor
1265,40037.0,74661.0,YEAR,
1266,37146.0,47132.0,YEAR,
1267,17500.0,17500.0,YEAR,Consultant
1268,51735.0,51735.0,YEAR,
1269,896.0,896.0,YEAR,
1270,23553.0,26493.0,YEAR,Specialty Registrar
1271,77913.0,90478.0,YEAR,
1272,40000.0,40000.0,YEAR,Consultant
1273,47085.0,47085.0,YEAR,Doctor - Other
1274,31841.0,50068.0,YEAR,Doctor - Other
1275,64332.0,64332.0,YEAR,Doctor - Other
1276,40097.0,40097.0,YEAR,Specialty Registrar
1277,79860.0,107668.0,YEAR,Doctor - Other
1278,48000.0,48000.0,YEAR,8a
1279,36000.0,36000.0,YEAR,Consultant
1280,30302.0,50563.0,YEAR,Specialty Registrar
1281,31841.0,50086.0,YEAR,Specialty Registrar
1282,31841.0,42126.0,YEAR,Specialty Registrar
1283,50237.0,50237.0,YEAR,Specialty Registrar
1284,75249.0,101451.0,YEAR,
1285,37935.0,37935.0,YEAR,Doctor - Other
1286,79860.0,79860.0,YEAR,
1287,151290.0,151290.0,YEAR,
1288,33221.0,50086.0,YEAR,Specialty Registrar
1289,37935.0,48075.0,YEAR,
1290,79860.0,107688.0,YEAR,Consultant
1291,38156.0,50068.0,YEAR,Specialty Registrar
1292,19890.0,19890.0,YEAR,6
1293,37500.0,37500.0,YEAR,Specialty Registrar
1294,20500.0,21400.0,YEAR,5
1295,37500.0,37500.0,YEAR,7
1296,125000.0,125000.0,YEAR,8d
1297,31746.0,41489.0,YEAR,Doctor - Other
1298,33790.0,36511.0,YEAR,
1299,31841.0,50068.0,YEAR,Specialty Doctor
1300,40037.0,76661.0,YEAR,Specialty Doctor
1301,81810.0,81810.0,YEAR,
1302,55515.0,62485.0,YEAR,
1303,33790.0,42126.0,YEAR,
1304,26000.0,34000.0,YEAR,
1305,132799.0,132799.0,YEAR,Consultant
1306,78899.0,82717.0,YEAR,
1307,42126.0,50068.0,YEAR,
1308,153.0,164.0,YEAR,
1309,32029.0,36876.0,YEAR,
1310,56133.0,92401.0,YEAR,
1311,128750.0,138020.0,YEAR,
1312,6724.0,6724.0,YEAR,6
1313,60516.0,60516.0,YEAR,Specialty Registrar
1314,79860.0,107668.0,YEAR,Specialty Registrar
1315,28357.0,32066.0,YEAR,
1316,18900.0,18900.0,YEAR,5
1317,75000.0,75000.0,YEAR,Specialty Doctor
1318,82022.0,109830.0,YEAR,Consultant
1319,37935.0,37935.0,YEAR,
1320,24024.0,27022.0,YEAR,Foundation Doctor
1321,53733.0,74661.0,YEAR,Specialty Doctor
1322,79860.0,107669.0,YEAR,
1323,17196.0,17196.0,YEAR,
1324,120000.0,140000.0,YEAR,
1325,,,,2
1326,31841.0,50086.0,YEAR,
1327,32050.0,32050.0,YEAR,Foundation Doctor
1328,40037.0,746610.0,YEAR,Specialty Doctor
1329,7986.0,107668.0,YEAR,Consultant
1330,79860.0,79860.0,YEAR,Consultant
1331,31814.0,42126.0,YEAR,Specialty Registrar
1332,14237.0,14237.0,YEAR,
1333,19266.0,19266.0,YEAR,Consultant
1334,29798.0,33695.0,YEAR,Foundation Doctor
1335,27689.0,32050.0,YEAR,Foundation Doctor
1336,16794.0,16794.0,YEAR,Consultant
1337,31841.0,35795.0,YEAR,
1338,32050.0,32050.0,YEAR,
1339,149.0,48075.0,YEAR,Specialty Registrar
1340,31841.0,33790.0,YEAR,Foundation Doctor
1341,79850.0,107668.0,YEAR,Consultant
1342,36000.0,39000.0,YEAR,7
1343,50430.0,109265.0,YEAR,Doctor - Other
1344,82620.0,91267.0,YEAR,
1345,48075.0,49382.0,YEAR,Doctor - Other
1346,36511.0,40141.0,YEAR,
1347,48075.0,48075.0,YEAR,Specialty Doctor
1348,29798.0,42126.0,YEAR,
1349,7791.0,7791.0,YEAR,Consultant
1350,32050.0,37935.0,YEAR,
1351,31841.0,74661.0,YEAR,
1352,79860.0,107568.0,YEAR,Consultant
1353,50819.0,50819.0,YEAR,
1354,42199.0,76823.0,YEAR,Specialty Doctor
1355,79860.0,107688.0,YEAR,
1356,40037.0,74661.0,YEAR,Doctor - Other
1357,130000.0,130000.0,YEAR,
1358,31814.0,50068.0,YEAR,Doctor - Other
1359,41063.0,41063.0,YEAR,7
1360,18669.0,20037.0,YEAR,2
1361,40141.0,50068.0,YEAR,Specialty Registrar
1362,36511.0,36511.0,YEAR,Specialty Registrar
1363,81000.0,187714.0,YEAR,Doctor - Other
1364,30000.0,30000.0,YEAR,7
1365,36511.0,50068.0,YEAR,Specialty Registrar
1366,68292.0,88663.0,YEAR,Consultant
1367,45750.0,45750.0,YEAR,
1368,25000.0,25000.0,YEAR,7
1369,14830.0,14830.0,YEAR,Doctor - Other
1370,79860.0,107658.0,YEAR,Consultant
1371,90000.0,110000.0,YEAR,Specialty Doctor
1372,33250.0,39000.0,YEAR,
1373,33790.0,50068.0,YEAR,
1374,17000.0,17000.0,YEAR,5
1375,31841.0,42126.0,YEAR,Specialty Doctor
1376,31847.0,50068.0,YEAR,Specialty Registrar
1377,44606.0,44606.0,YEAR,7
1378,77903.0,105042.0,YEAR,Consultant
1379,37570.0,43772.0,YEAR,8a
1380,38156.0,46096.0,YEAR,Specialty Registrar
1381,79860.0,107868.0,YEAR,Consultant
1382,77100.0,77100.0,YEAR,
1383,31841.0,36511.0,YEAR,Specialty Registrar
1384,89856.0,107668.0,YEAR,
1385,40037.0,74661.0,YEAR,Foundation Doctor
1386,70000.0,77913.0,YEAR,
1387,10766.0,79860.0,YEAR,Consultant
1388,37191.0,47132.0,YEAR,Foundation Doctor
1389,18966.0,19701.0,YEAR,
1390,37935.0,37935.0,YEAR,Specialty Doctor
1391,83850.0,83850.0,YEAR,
1392,40629.0,60944.0,YEAR,
1393,6724.0,6724.0,YEAR,Specialty Doctor
1394,33221.0,50068.0,YEAR,Doctor - Other
1395,117000.0,117000.0,YEAR,Doctor - Other
1396,49500.0,49500.0,YEAR,8a
1397,27511.0,32817.0,YEAR,
1398,77779.0,100977.0,YEAR,Consultant
1399,80000.0,105000.0,YEAR,Doctor - Other
1400,27689.0,27689.0,YEAR,
1401,90000.0,120000.0,YEAR,Doctor - Other
1402,95000.0,105000.0,YEAR,Doctor - Other
1403,67407.0,79181.0,YEAR,
1404,108000.0,110000.0,YEAR,
1405,29851.0,29851.0,YEAR,Foundation Doctor
1406,40097.0,50237.0,YEAR,Specialty Registrar
1407,14288.0,15129.0,YEAR,
1408,88000.0,88000.0,YEAR,Specialty Doctor
1409,31841.0,36511.0,YEAR,
1410,27689.0,27689.0,YEAR,Foundation Doctor
1411,48085.0,48085.0,YEAR,Doctor - Other
1412,31841.0,40141.0,YEAR,
1413,24490.0,24490.0,YEAR,
1414,37923.0,70719.0,YEAR,Doctor - Other
1415,79860.0,107668.0,YEAR,Specialty Doctor
1416,33221.0,50068.0,YEAR,Specialty Registrar
1417,39060.0,62593.0,YEAR,Doctor - Other
1418,95626.0,95626.0,YEAR,
1419,40037.0,76823.0,YEAR,Specialty Doctor
1420,38156.0,50068.0,YEAR,Specialty Doctor
1421,31841.0,41126.0,YEAR,
1422,29798.0,33695.0,YEAR,Doctor - Other
1423,200.0,200.0,YEAR,Specialty Doctor
1424,135000.0,135000.0,YEAR,Consultant
1425,32050.0,32050.0,YEAR,Doctor - Other
1426,39865.0,50577.0,YEAR,
1427,70000.0,70000.0,YEAR,Doctor - Other
1428,79880.0,107668.0,YEAR,
1429,36511.0,50086.0,YEAR,Specialty Registrar
1430,49097.0,49097.0,YEAR,Specialty Registrar
1431,40037.0,74661.0,YEAR,Specialty Registrar
1432,9271.0,9271.0,YEAR,
1433,31746.0,41489.0,YEAR,
1434,20031.0,32050.0,YEAR,Foundation Doctor
1435,80000.0,85000.0,YEAR,Consultant
1436,36224.0,46315.0,YEAR,7
1437,37190.0,47132.0,YEAR,Doctor - Other
1438,39332.0,45534.0,YEAR,7
1439,17652.0,17652.0,YEAR,2
1440,31841.0,50086.0,YEAR,Specialty Doctor
1441,75000.0,85000.0,YEAR,
1442,45000.0,55000.0,YEAR,
1443,76860.0,107668.0,YEAR,Consultant
1444,31841.0,48082.0,YEAR,Doctor - Other
1445,79060.0,107668.0,YEAR,Consultant
1446,56133.0,92401.0,YEAR,Doctor - Other
1447,37570.0,50819.0,YEAR,7
1448,48075.0,50068.0,YEAR,Doctor - Other
1449,34212.0,34212.0,YEAR,Foundation Doctor
1450,39000.0,41000.0,YEAR,7
1451,32029.0,59728.0,YEAR,Specialty Doctor
1452,90000.0,102000.0,YEAR,Doctor - Other
1453,45500.0,45500.0,YEAR,8b
1454,85000.0,115000.0,YEAR,
1455,37267.0,37267.0,YEAR,6
1456,15381.0,15381.0,YEAR,
1457,,,,8c
1458,117670.0,117670.0,YEAR,
1459,100709.0,100709.0,YEAR,
1460,19112.0,23903.0,YEAR,
1461,29798.0,336954.0,YEAR,Foundation Doctor
1462,89378.0,89378.0,YEAR,Consultant
1463,60000.0,88744.0,YEAR,Doctor - Other
1464,32199.0,32199.0,YEAR,Foundation Doctor
1465,95000.0,95000.0,YEAR,Specialty Doctor
1466,38156.0,50068.0,YEAR,
1467,77860.0,107668.0,YEAR,
1468,40141.0,42126.0,YEAR,
1469,58808.0,88744.0,YEAR,Doctor - Other
1470,31998.0,42333.0,YEAR,Specialty Registrar
1471,121754.0,121754.0,YEAR,
1472,31841.0,33790.0,YEAR,Doctor - Other
1473,58808.0,88744.0,YEAR,
1474,31841.0,38156.0,YEAR,Doctor - Other
1475,4126.0,31841.0,YEAR,Specialty Registrar
1476,7000.0,9000.0,YEAR,
1477,3000.0,37935.0,YEAR,
1478,190.0,200.0,YEAR,Doctor - Other
1479,1426.0,1426.0,YEAR,Doctor - Other
1480,42499.0,76823.0,YEAR,Specialty Doctor
1481,31998.0,50314.0,YEAR,Doctor - Other
1482,22000.0,28000.0,YEAR,
1483,90000.0,110000.0,YEAR,Consultant
1484,48075.0,48075.0,YEAR,Consultant
1485,79086.0,107668.0,YEAR,Consultant
1486,40232.0,75023.0,YEAR,
1487,63037.0,117670.0,YEAR,
1488,19552.0,19552.0,YEAR,
1489,100977.0,100977.0,YEAR,Consultant
1490,32050.0,37935.0,YEAR,Doctor - Other
1491,40037.0,67659.0,YEAR,Specialty Doctor
1492,31998.0,42333.0,YEAR,Doctor - Other
1493,31841.0,50069.0,YEAR,
1494,46746.0,47132.0,YEAR,Specialty Doctor
1495,79860.0,107669.0,YEAR,Consultant
1496,50068.0,50068.0,YEAR,
1497,5000.0,45000.0,YEAR,8a
1498,31841.0,42146.0,YEAR,
1499,89378.0,89378.0,YEAR,
1500,15969.0,15969.0,YEAR,
1501,31841.0,40141.0,YEAR,Specialty Registrar
1502,25928.0,27922.0,YEAR,
1503,31814.0,50068.0,YEAR,Specialty Registrar
1504,31841.0,50086.0,YEAR,Doctor - Other
1505,35700.0,35700.0,YEAR,8a
1506,48075.0,379352.0,YEAR,Specialty Registrar
1507,48075.0,48075.0,YEAR,Foundation Doctor
1508,10086.0,11767.0,YEAR,
1509,31998.0,42333.0,YEAR,
1510,81000.0,187714.0,YEAR,
1511,31841.0,42126.0,YEAR,Foundation Doctor
1512,56133.0,107668.0,YEAR,
1513,37570.0,43041.0,YEAR,7
1514,37500.0,37500.0,YEAR,
1515,78860.0,107668.0,YEAR,Consultant
1516,75000.0,85000.0,YEAR,8c
1517,50000.0,50000.0,YEAR,8b
1518,29798.0,33695.0,YEAR,
1519,79860.0,79860.0,YEAR,Doctor - Other
1520,63189.0,72123.0,YEAR,Doctor - Other
1521,60257.0,90928.0,YEAR,Doctor - Other
1522,79960.0,107668.0,YEAR,Consultant
1523,92455.0,92455.0,YEAR,
1524,40037.0,74661.0,YEAR,Consultant
1525,8756.0,8756.0,YEAR,
1526,40232.0,75023.0,YEAR,Specialty Doctor
1527,37935.0,48975.0,YEAR,Specialty Doctor
1528,73936.0,107668.0,YEAR,8d
1529,1331.0,1331.0,YEAR,Doctor - Other
1530,72518.0,85298.0,YEAR,
1531,50000.0,50000.0,YEAR,8a
1532,110000.0,110000.0,YEAR,9
1533,37935.0,48075.0,YEAR,Foundation Doctor
1534,31998.0,50314.0,YEAR,
1535,44112.0,46096.0,YEAR,
1536,21853.0,21853.0,YEAR,
1537,34000.0,34000.0,YEAR,
1538,120.0,138.0,YEAR,Doctor - Other
1539,39251.0,49308.0,YEAR,Specialty Doctor
1540,79860.0,103490.0,YEAR,
1541,60000.0,60000.0,YEAR,Specialty Doctor
1542,48050.0,48050.0,YEAR,
1543,72333.0,72333.0,YEAR,
1544,350.0,350.0,YEAR,
1545,69716.0,86839.0,YEAR,
1546,35614.0,84780.0,YEAR,Doctor - Other
1547,31841.0,50068.0,YEAR,Foundation Doctor
1548,43612.0,43612.0,YEAR,Doctor - Other
1549,88104.0,91776.0,YEAR,
1550,46872.0,87408.0,YEAR,
1551,7466.0,40037.0,YEAR,Specialty Doctor
1552,27000.0,34000.0,YEAR,
1553,136161.0,136161.0,YEAR,Consultant
1554,31219.0,73195.0,YEAR,Doctor - Other
1555,42199.0,76823.0,YEAR,Specialty Registrar
1556,31841.0,56068.0,YEAR,Specialty Registrar
1557,24020.0,27022.0,YEAR,Foundation Doctor
1558,113030.0,135639.0,YEAR,Consultant
1559,30000.0,32000.0,YEAR,6
1560,49923.0,77264.0,YEAR,Specialty Registrar
1561,40000.0,45000.0,YEAR,Doctor - Other
1562,79860.0,82361.0,YEAR,Consultant
1563,88104.0,88104.0,YEAR,
1564,77779.0,100978.0,YEAR,Consultant
1565,118000.0,127000.0,YEAR,
1566,24142.0,27156.0,YEAR,Doctor - Other
1567,82022.0,109839.0,YEAR,Consultant
1568,40232.0,75023.0,YEAR,Doctor - Other
1569,33790.0,50068.0,YEAR,Doctor - Other
1570,74215.0,74215.0,YEAR,
1571,79834.0,97575.0,YEAR,
1572,40233.0,75025.0,YEAR,
1573,31217.0,42126.0,YEAR,Specialty Registrar
1574,29798.0,42126.0,YEAR,Doctor - Other
1575,32000.0,33000.0,YEAR,
1576,40037.0,74461.0,YEAR,
1577,35000.0,38000.0,YEAR,Doctor - Other
1578,79744.0,105042.0,YEAR,
1579,370.0,370.0,YEAR,
1580,140000.0,150000.0,YEAR,Consultant
1581,31841.0,42300.0,YEAR,
1582,77779.0,100977.0,YEAR,
1583,50068.0,50068.0,YEAR,Doctor - Other
1584,70000.0,100000.0,YEAR,Doctor - Other
1585,81108.0,107668.0,YEAR,Consultant
1586,27146.0,47132.0,YEAR,Foundation Doctor
1587,30000.0,30000.0,YEAR,6
1588,1295.0,1295.0,YEAR,
1589,84050.0,84050.0,YEAR,Specialty Registrar
1590,89856.0,107668.0,YEAR,Consultant
1591,32000.0,50315.0,YEAR,Specialty Registrar
1592,38156.0,74661.0,YEAR,
1593,350000.0,350000.0,YEAR,5
1594,94500.0,94500.0,YEAR,
1595,43036.0,43036.0,YEAR,
1596,32175.0,32175.0,YEAR,
1597,37498.0,37498.0,YEAR,
1598,87546.0,87546.0,YEAR,
1599,58835.0,58835.0,YEAR,
1600,40037.0,746661.0,YEAR,Specialty Doctor
1601,31814.0,50068.0,YEAR,
1602,85000.0,98839.0,YEAR,
1603,40037.0,64158.0,YEAR,Specialty Doctor
1604,282.0,282.0,YEAR,
1605,11628.0,11628.0,YEAR,
1606,65670.0,65670.0,YEAR,
1607,44888.0,81951.0,YEAR,Doctor - Other
1608,32050.0,37935.0,YEAR,Foundation Doctor
1609,32000.0,42334.0,YEAR,Specialty Registrar
1610,222.0,222.0,YEAR,
1611,41789.0,41789.0,YEAR,
1612,37015.0,37015.0,YEAR,
1613,76001.0,103490.0,YEAR,
1614,80688.0,80688.0,YEAR,
1615,80000.0,80000.0,YEAR,8c
1616,40037.0,53733.0,YEAR,Specialty Doctor
1617,24024.0,27022.0,YEAR,Specialty Registrar
1618,77860.0,107668.0,YEAR,Consultant
1619,49923.0,77264.0,YEAR,Doctor - Other
1620,17000.0,21000.0,YEAR,
1621,150.0,175.0,YEAR,
1622,30605.0,40491.0,YEAR,Specialty Doctor
1623,37693.0,40600.0,YEAR,
1624,40037.0,40037.0,YEAR,
1625,85000.0,85000.0,YEAR,Consultant
1626,92455.0,141288.0,YEAR,
1627,56133.0,56133.0,YEAR,Specialty Doctor
1628,17550.0,17550.0,YEAR,3
1629,9595.0,9595.0,YEAR,
1630,91776.0,91776.0,YEAR,
1631,74653.0,80161.0,YEAR,
1632,72927.0,94679.0,YEAR,Consultant
1633,44112.0,50068.0,YEAR,Specialty Registrar
1634,31500.0,34500.0,YEAR,Doctor - Other
1635,23553.0,41300.0,YEAR,
1636,17500.0,19000.0,YEAR,Doctor - Other
1637,48705.0,48705.0,YEAR,Doctor - Other
1638,79000.0,107668.0,YEAR,Consultant
1639,10500.0,10500.0,YEAR,Doctor - Other
1640,61777.0,72597.0,YEAR,
1641,29308.0,29308.0,YEAR,Foundation Doctor
1642,116526.0,116526.0,YEAR,
1643,900.0,900.0,YEAR,
1644,24024.0,33790.0,YEAR,
1645,33000.0,33000.0,YEAR,6
1646,33000.0,33000.0,YEAR,7
1647,76761.0,76761.0,YEAR,Consultant
1648,40000.0,45000.0,YEAR,7
1649,97500.0,156000.0,YEAR,
1650,79869.0,107668.0,YEAR,
1651,42126.0,42126.0,YEAR,Doctor - Other
1652,112125.0,156000.0,YEAR,
1653,80008.0,140000.0,YEAR,
1654,99450.0,120000.0,YEAR,
1655,65000.0,65000.0,YEAR,
1656,98507.0,98507.0,YEAR,
1657,79760.0,107668.0,YEAR,Consultant
1658,36511.0,50068.0,YEAR,
1659,9500.0,12000.0,YEAR,
1660,40000.0,42000.0,YEAR,8a
1661,79680.0,107668.0,YEAR,Consultant
1662,58808.0,88704.0,YEAR,Doctor - Other
1663,66002.0,90926.0,YEAR,Doctor - Other
1664,97549.0,97549.0,YEAR,
1665,31998.0,50314.0,YEAR,Specialty Registrar
1666,320.0,320.0,YEAR,
1667,27689.0,48075.0,YEAR,Doctor - Other
1668,77799.0,100977.0,YEAR,Consultant
1669,97000.0,97000.0,YEAR,
1670,50237.0,50237.0,YEAR,Specialty Doctor
1671,32000.0,35000.0,YEAR,
1672,31219.0,50563.0,YEAR,Specialty Registrar
1673,24024.0,27022.0,YEAR,
1674,31841.0,33790.0,YEAR,
1675,75614.0,84780.0,YEAR,Doctor - Other
1676,40233.0,75025.0,YEAR,Specialty Doctor
1677,24024.0,42126.0,YEAR,Foundation Doctor
1678,51892.0,51892.0,YEAR,Doctor - Other
1679,1426.0,1426.0,YEAR,
1680,32050.0,48075.0,YEAR,Doctor - Other
1681,30302.0,48558.0,YEAR,Specialty Registrar
1682,30302.0,48075.0,YEAR,Specialty Doctor
1683,30605.0,51828.0,YEAR,Specialty Registrar
1684,70000.0,80000.0,YEAR,
1685,31218.0,50563.0,YEAR,
1686,38534.0,48075.0,YEAR,Specialty Registrar
1687,30302.0,48075.0,YEAR,Specialty Registrar
1688,37935.0,37935.0,YEAR,Foundation Doctor
1689,31129.0,50563.0,YEAR,Specialty Registrar
1690,24024.0,27022.0,YEAR,Doctor - Other
1691,31841.0,36511.0,YEAR,Doctor - Other
1692,45076.0,45076.0,YEAR,
1693,38747.0,38747.0,YEAR,
